Blu-Ray,e-hi-fi-home-audio
T-Shirts,womens-maternity
a-hair-accessories,bh-hair-care
a-hair-brushes-combs,bh-hair-care
a-hair-crimper,bh-hair-care
a-hair-curler,bh-hair-care
a-hair-dryers,bh-hair-care
a-hair-hot-rollers,bh-hair-care
a-hair-straightener,bh-hair-care
a-makeup-brush-holder-kit,bh-womens-makeup
a-makeup-compact-mirror,bh-womens-makeup
a-makeup-cotton-balls,bh-womens-makeup
a-makeup-eye-lash-curler,bh-womens-makeup
a-makeup-headband,bh-womens-makeup
a-makeup-pencil-sharp,bh-womens-makeup
a-makeup-puff,bh-womens-makeup
a-makeup-sponge,bh-womens-makeup
a-makeup-tweezers,bh-womens-makeup
access-bath-shower,bh-bath
b-footwear-boots,kids-footwear
b-footwear-casual,kids-footwear
b-footwear-dress,kids-footwear
b-footwear-sandals-thongs,kids-footwear
b-footwear-school,kids-footwear
b-footwear-sport,kids-footwear
b-jackets-hoodies,kids-boys-clothes
b-outer-gloves,kids-boys-clothes
b-outer-hats,kids-boys-clothes
b-outer-jackets,kids-boys-clothes
b-outer-scarves,kids-boys-clothes
b-pants-jeans,kids-boys-clothes
b-pants-pants,kids-boys-clothes
b-pants-tracksuit,kids-boys-clothes
b-shorts-board,kids-boys-clothes
b-shorts-casual,kids-boys-clothes
b-swimwear-rashies,kids-boys-clothes
b-swimwear-towels,kids-boys-clothes
b-tops-cardigans,kids-boys-clothes
b-tops-shirts,kids-boys-clothes
b-tops-singlets,kids-boys-clothes
b-tops-tshirts-long-sleeved,kids-boys-clothes
b-underwear-belts,kids-boys-clothes
b-underwear-briefs,kids-boys-clothes
b-underwear-shorts,kids-boys-clothes
b-underwear-singlets,kids-boys-clothes
b-underwear-socks,kids-boys-clothes
babies-accessories,k-babies
babies-baby-bag,k-babies
babies-bottoms,k-babies
babies-bouncers,k-babies
babies-car,k-babies
babies-car-seats,k-babies
babies-footwear,k-babies
babies-jackets,k-babies
babies-jumpsuits,k-babies
babies-nursing-chairs,k-babies
babies-playpens,k-babies
babies-porta-baths,k-babies
babies-porta-chairs,k-babies
babies-porta-cots,k-babies
babies-pram-3-wheel,k-babies
babies-pram-4-wheel,k-babies
babies-pram-toys,k-babies
babies-prams-twin,k-babies
babies-safety,k-babies
babies-skirts,k-babies
babies-sleepwear,k-babies
babies-strollers,k-babies
babies-swimwear,k-babies
babies-tops,k-babies
babies-toy-boxes,k-babies
babies-walkers,k-babies
baby-shoes,kids-footwear
baby-socks-booties,kids-footwear
bathtime-baths,k-babies
bathtime-soaps,k-babies
bathtime-toilet,k-babies
bathtime-towels,k-babies
bathtime-toys,k-babies
bl-bag-organisers,bl-travel-luggage
bl-blankets,bl-travel-luggage
bl-camera-bags,bl-bags-packs
bl-duffle-bags,bl-bags-packs
bl-eye-masks,bl-travel-luggage
bl-food-wine-packs,bl-bags-packs
bl-laptop-backpacks,bl-business
bl-laptop-carry-cases,bl-business
bl-laptop-messengers,bl-business
bl-laptop-wheeled,bl-business
bl-luggage-locks,bl-travel-luggage
bl-luggage-tags,bl-travel-luggage
bl-m-card-holder,bl-mens-wallets
bl-m-wallet-bi-fold,bl-mens-wallets
bl-m-wallet-tri-fold,bl-mens-wallets
bl-messenger-bags,bl-bags-packs
bl-mobile-cases,e-phone-accessories
bl-neck-pillows,bl-travel-luggage
bl-passport-holders,bl-travel-luggage
bl-satchels,bl-bags-packs
bl-school-bags,bl-bags-packs
bl-screen-guards,e-phone-accessories
bl-speciality-packs,bl-bags-packs
bl-tablet-sleeves,e-phone-accessories
bl-w-card-holder,bl-handbags
bl-w-coin-purse,bl-handbags
bl-w-purses-bi-fold,bl-handbags
bl-w-purses-tri-fold,bl-handbags
c-acc-adapters-cables,computers
c-acc-headsets,computers
c-acc-keyboards,computers
c-acc-mice,computers
c-acc-speakers,computers
c-acc-webcams,computers
c-camera-straps,c-cameras
c-cameras-batteries,c-cameras
c-cameras-battery-chargers,c-cameras
c-cameras-cables,c-cameras
c-cameras-flash,c-cameras
c-computers-ereaders,computers
c-computers-netbook,computers
c-consoles-nds,c-games-consoles
c-consoles-ps3,c-games-consoles
c-consoles-psp,c-games-consoles
c-consoles-wii,c-games-consoles
c-consoles-xbox-360,c-games-consoles
c-gaming-acc-nds,c-games-consoles
c-gaming-acc-pc,c-games-consoles
c-gaming-acc-ps3,c-games-consoles
c-gaming-acc-psp,c-games-consoles
c-gaming-acc-wii,c-games-consoles
c-gaming-acc-xbox,c-games-consoles
c-home-cd-players,e-hi-fi-home-audio
c-home-h-earphones,e-hi-fi-home-audio
c-home-h-headphones,e-hi-fi-home-audio
c-home-h-noise-cancellation,e-hi-fi-home-audio
c-home-h-wireless,e-hi-fi-home-audio
c-home-speakers-surround,e-hi-fi-home-audio
c-ipod-docking,e-hi-fi-home-audio
c-monitors-lcd,computers
c-monitors-led,computers
c-packs-back,bl-bags-packs
c-packs-child-carrier,bl-bags-packs
c-packs-day,bl-bags-packs
c-packs-hydration,bl-bags-packs
c-packs-small,bl-bags-packs
c-packs-travel,bl-bags-packs
c-packs-waterproof,bl-bags-packs
c-packs-wheeled,bl-bags-packs
c-printers-inkjet,computers
c-printers-laser,computers
c-printers-multi-station,computers
c-scanners-flatbed,computers
c-software-apple,computers
c-software-business,computers
c-software-education,computers
c-software-multimedia,computers
c-software-security,computers
c-storage-flash,computers
c-storage-hard-drive-ext,computers
c-storage-network,computers
c-tablets-android,computers
c-tablets-ipad,computers
camera-lenses-fisheye,c-cameras
camera-lenses-macro,c-cameras
camera-lenses-standard,c-cameras
camera-lenses-wide-angle,c-cameras
cameras-cd-big-zoom,c-cameras
cameras-cd-waterproof,c-cameras
e-acc-camera-bags,c-cameras
e-batteries,e-television
e-blu-ray-players,e-hi-fi-home-audio
e-blu-ray-recorders,e-hi-fi-home-audio
e-cameras-digital-lenses,c-cameras
e-cameras-printers-ink,c-cameras
e-cameras-storage,c-cameras
e-cameras-tripods,c-cameras
e-cameras-usb-memory,c-cameras
e-car-alarms-locking,computers-electronics
e-car-amps,e-hi-fi-home-audio
e-car-audio-cd-payers,e-hi-fi-home-audio
e-car-audio-dvd-players,e-hi-fi-home-audio
e-car-audio-mp3-players,e-hi-fi-home-audio
e-car-audio-visual,e-hi-fi-home-audio
e-car-security-alarms,computers-electronics
e-car-speakers,e-hi-fi-home-audio
e-car-sub-woofers,e-hi-fi-home-audio
e-digital-radio,e-hi-fi-home-audio
e-games-nds,c-games-consoles
e-games-pc,c-games-consoles
e-games-ps2,c-games-consoles
e-games-ps3,c-games-consoles
e-games-psp,c-games-consoles
e-games-wii,c-games-consoles
e-games-xbox360,c-games-consoles
e-hifi-micro-systems,e-hi-fi-home-audio
e-hifi-mini-systems,e-hi-fi-home-audio
e-hifi-speakers-centre,e-hi-fi-home-audio
e-hifi-speakers-compact,e-hi-fi-home-audio
e-hifi-speakers-floor,e-hi-fi-home-audio
e-hifi-speakers-portable,e-hi-fi-home-audio
e-hifi-speakers-stereo,e-hi-fi-home-audio
e-hifi-speakers-sub-woofers,e-hi-fi-home-audio
e-hifi-turntables,e-hi-fi-home-audio
e-ht-blu-ray-ht,e-hi-fi-home-audio
e-ht-dvd-ht,e-hi-fi-home-audio
e-ht-dvd-players,e-hi-fi-home-audio
e-ht-dvd-recorders,e-hi-fi-home-audio
e-ht-projectors,e-hi-fi-home-audio
e-ht-set-top,e-hi-fi-home-audio
e-ht-video-recorders,e-hi-fi-home-audio
e-mobile-acc-bluetooth,computers-electronics
e-mobile-acc-bluetooth,e-phone-accessories
e-mobile-acc-cables,e-phone-accessories
e-mobile-acc-cases,e-phone-accessories
e-mobile-acc-chargers,e-phone-accessories
e-mobile-acc-handsfree,e-phone-accessories
e-mobile-acc-memory,e-phone-accessories
e-mobile-android,e-phone-accessories
e-mobile-blackberry,e-phone-accessories
e-mobile-handsets,e-phone-accessories
e-mobile-iphone,e-phone-accessories
e-mobiles-windows,e-phone-accessories
e-portable-ipod-chargers,e-hi-fi-home-audio
e-portable-media-players,e-hi-fi-home-audio
e-portables-ipods,e-hi-fi-home-audio
e-portables-mp3,e-hi-fi-home-audio
e-surge-protection,e-hi-fi-home-audio
e-surge-protection,e-television
e-tv-acc-3d-glasses,e-hi-fi-home-audio
e-tv-acc-3d-glasses,e-television
e-tv-acc-cables,e-hi-fi-home-audio
e-tv-acc-cables,e-television
e-tv-cameras-skype,e-television
e-tv-cleaning,e-television
e-tv-universal-remotes,e-hi-fi-home-audio
e-tv-universal-remotes,e-television
e-tv-wireless-adapters,e-television
f-drinking-bottles,k-babies
f-drinking-cups,k-babies
f-eating-lunch,k-babies
feeding-bibs,k-babies
feeding-breastfeeding,k-babies
feeding-chairs,k-babies
feeding-sterilising,k-babies
feeding-storage,k-babies
g-dresses,kids-girls-clothes
g-dresses-long,kids-girls-clothes
g-dresses-short,kids-girls-clothes
g-footwear-boots,kids-footwear
g-footwear-casual,kids-footwear
g-footwear-dress,kids-footwear
g-footwear-sandals-thongs,kids-footwear
g-footwear-school,kids-footwear
g-footwear-sport,kids-footwear
g-jackets-cardigans,kids-girls-clothes
g-jackets-hoodies,kids-girls-clothes
g-jackets-poncho,kids-girls-clothes
g-outer-gloves,kids-girls-clothes
g-outer-hats,kids-girls-clothes
g-outer-jackets,kids-girls-clothes
g-outer-scarves,kids-girls-clothes
g-pants-jeans,kids-girls-clothes
g-pants-pants,kids-girls-clothes
g-pants-tights,kids-girls-clothes
g-pants-tracksuit,kids-girls-clothes
g-shorts-board,kids-girls-clothes
g-shorts-casual,kids-girls-clothes
g-skirts,kids-girls-clothes
g-skirts-long,kids-girls-clothes
g-skirts-short,kids-girls-clothes
g-swimwear-one-piece,kids-girls-clothes
g-swimwear-rashies,kids-girls-clothes
g-swimwear-towels,kids-girls-clothes
g-swimwear-two-piece,kids-girls-clothes
g-tops-shirts,kids-girls-clothes
g-tops-singlets,kids-girls-clothes
g-tops-tshirts-long-sleeved,kids-girls-clothes
g-underwear-belts,kids-girls-clothes
g-underwear-bottoms,kids-girls-clothes
g-underwear-briefs,kids-girls-clothes
g-underwear-hair,kids-girls-clothes
g-underwear-shorts,kids-girls-clothes
g-underwear-singlets,kids-girls-clothes
g-underwear-socks,kids-girls-clothes
h-colours-perm-hair-dye,bh-hair-care
h-colours-semi-perm-dye,bh-hair-care
h-colours-wash-out,bh-hair-care
h-shampoo-anti-dandruff,bh-hair-care
h-shampoo-blonde,bh-hair-care
h-shampoo-brunette,bh-hair-care
h-shampoo-colour-stay,bh-hair-care
h-shampoo-conditioner,bh-hair-care
h-shampoo-curly-hair,bh-hair-care
h-shampoo-frizz-control,bh-hair-care
h-shampoo-hydrating,bh-hair-care
h-shampoo-mens,bh-hair-care
h-shampoo-normal-hair,bh-hair-care
h-shampoo-organic,bh-hair-care
h-shampoo-red,bh-hair-care
h-shampoo-repair,bh-hair-care
h-shampoo-shampoo,bh-hair-care
h-shampoo-volume,bh-hair-care
h-styling-dry-shampoo,bh-hair-care
h-styling-hair-gel,bh-hair-care
h-styling-hair-serum,bh-hair-care
h-styling-hair-spray,bh-hair-care
h-styling-hair-wax,bh-hair-care
h-styling-heat-protectant,bh-hair-care
h-styling-mousse,bh-hair-care
h-styling-sea-salt-spray,bh-hair-care
h-styling-volume-powder,bh-hair-care
h-treat-anti-frizz,bh-hair-care
h-treat-hair-loss,bh-hair-care
h-treat-hair-masks,bh-hair-care
h-treat-head-lice,bh-hair-care
h-treat-kits,bh-hair-care
h-treat-oil,bh-hair-care
h-treat-scalp,bh-hair-care
hair-extensions,bh-hair-care
health-optical-frames,mens-accessories
health-optical-frames,womens-accessories
hf-feet-accessories,bh-bath
hf-feet-bunions-corns,bh-bath
hf-feet-exfol-foot-scrub,bh-bath
hf-feet-foot-moist,bh-bath
hf-feet-gel-cushioning,bh-bath
hf-feet-insoles,bh-bath
hf-feet-odour-spray,bh-bath
hf-hands-accessories,bh-bath
hf-hands-glue-on-nails,bh-bath
hf-hands-moist,bh-bath
hf-hands-nail-polish-remove,bh-bath
hremoval-creams-lotions,bh-bath
hremoval-growth-inhibit,bh-bath
jewellery-watches-dc,mens-jewellery
jewellery-watches-dc,womens-jewellery
k-luggage-backpacks,bags-luggage
k-luggage-backpacks,kids-babies
k-luggage-library,bags-luggage
k-luggage-library,kids-babies
k-luggage-lunch,bags-luggage
k-luggage-lunch,kids-babies
k-luggage-messenger,bags-luggage
k-luggage-messenger,kids-babies
kids-baby,bags-luggage
kids-baby,kids-babies
kids-handbags,bags-luggage
kids-handbags,kids-babies
kids-luggage,bags-luggage
kids-luggage,kids-babies
kids-sports,bags-luggage
kids-sports,kids-babies
kids-watches,kids-babies
m-belts-casual,mens-accessories
m-belts-dress,mens-accessories
m-boots-hiking,mens-shoes-footwear
m-boots-lace-up,mens-shoes-footwear
m-boots-sheepskin,mens-shoes-footwear
m-boots-slip-on,mens-shoes-footwear
m-bracelets-cuffs,mens-jewellery
m-bracelets-fabric-leather,mens-jewellery
m-bracelets-gold,mens-jewellery
m-bracelets-link,mens-jewellery
m-bracelets-silver,mens-jewellery
m-casual-lace-up,mens-shoes-footwear
m-casual-sandals,mens-shoes-footwear
m-casual-slip-on,mens-shoes-footwear
m-casual-thongs,mens-shoes-footwear
m-coats-rain-coats,mens-coats-jackets
m-cufflinks-fabric,mens-accessories
m-cufflinks-metal,mens-accessories
m-cufflinks-silver,mens-accessories
m-dress-lace-up,mens-shoes-footwear
m-dress-slip-on,mens-shoes-footwear
m-earrings-hoops,mens-accessories
m-earrings-studs,mens-accessories
m-exercise-accessories,mens-exercise-active-wear
m-exercise-jackets,mens-exercise-active-wear
m-exercise-tracksuits,mens-exercise-active-wear
m-exercise-vests,mens-exercise-active-wear
m-hats-beanie,mens-accessories
m-hats-beret,mens-accessories
m-hats-caps,mens-accessories
m-hats-visors,mens-accessories
m-jeans-boot-cut,mens-pants
m-jeans-relaxed,mens-pants
m-jeans-skinny,mens-pants
m-jeans-straight,mens-pants
m-jewellery-bracelets,mens-accessories
m-jewellery-cuffs,mens-accessories
m-jewellery-dress-rings,mens-accessories
m-jewellery-earrings,mens-accessories
m-jewellery-necklaces,mens-accessories
m-jewellery-pendants,mens-accessories
m-necklaces-gold,mens-jewellery
m-necklaces-pendants,mens-jewellery
m-necklaces-silver,mens-jewellery
m-pants-boot-cut,mens-pants
m-pants-business,mens-pants
m-pants-tracksuit,mens-pants
m-rings-diamond,mens-jewellery
m-rings-gold,mens-jewellery
m-rings-silver,mens-jewellery
m-rings-wedding-bands,mens-jewellery
m-shirts-dress-shirts,mens-shirts
m-shirts-long-sleeve,mens-shirts
m-shorts-boardshorts,mens-pants
m-shorts-cargo,mens-pants
m-shorts-casual,mens-pants
m-shorts-dress-shorts,mens-pants
m-sleep-bed-socks,mens-underwear-socks
m-sleep-lounge-wear,mens-sleep-loungewear
m-sleep-pj-pants,mens-sleep-loungewear
m-sleep-pj-shorts,mens-sleep-loungewear
m-sleep-slippers,mens-sleep-loungewear
m-sneakers-casual,mens-shoes-footwear
m-sneakers-cross-training,mens-shoes-footwear
m-sneakers-sport,mens-shoes-footwear
m-suits-3-piece,mens-suits
m-suits-accessories,mens-suits
m-suits-black-tie,mens-suits
m-suits-dinner,mens-suits
m-suits-pants,mens-suits
m-sunglasses-aviator,mens-accessories
m-sunglasses-optical,mens-accessories
m-sunglasses-oversized,mens-accessories
m-sunglasses-rectangle-frames,mens-accessories
m-sunglasses-rimless,mens-accessories
m-sunglasses-round-frames,mens-accessories
m-sunglasses-vintage,mens-accessories
m-sunglasses-wayfarer,mens-accessories
m-sunglasses-wrap,mens-accessories
m-swim-beach-towels,mens-exercise-active-wear
m-swim-boardshorts,mens-exercise-active-wear
m-swim-briefs,mens-exercise-active-wear
m-swim-rashies,mens-exercise-active-wear
m-swim-swimming-shorts,mens-exercise-active-wear
m-swim-uv-protective,mens-exercise-active-wear
m-ties-bowties,mens-accessories
m-ties-business-ties,mens-accessories
m-ties-cravats,mens-accessories
m-ties-pocket-squares,mens-accessories
m-ties-tie-pins,mens-accessories
m-tops-cardigans-vests,mens-shirts
m-tops-hoodies,mens-shirts
m-tops-long-sleeve,mens-shirts
m-tops-polo-shirts,mens-shirts
m-underwear-dress-socks,mens-underwear-socks
m-underwear-singlets,mens-tops
m-underwear-sports-socks,mens-underwear-socks
m-watches-analouge,mens-jewellery
m-watches-bands,mens-jewellery
m-watches-digital,mens-jewellery
m-watches-pocket-watches,mens-jewellery
mens-accessories-dc,mens-accessories
mens-bags-wallets-dc,mens-accessories
mens-belts-dc,mens-accessories
mens-boots-dc,mens-shoes-footwear
mens-bracelets-dc,mens-jewellery
mens-casual-dc,mens-shoes-footwear
mens-coats-jackets-dc,mens-coats-jackets
mens-cufflinks-dc,mens-accessories
mens-dress-shoes-dc,mens-shoes-footwear
mens-fashion-jewellery-dc,mens-accessories
mens-hats-dc,mens-accessories
mens-jeans-dc,mens-pants
mens-necklaces-pendants-dc,mens-jewellery
mens-pants-dc,mens-pants
mens-rings-dc,mens-jewellery
mens-shirts-dc,mens-shirts
mens-shorts-dc,mens-pants
mens-suits-dc,mens-suits
mens-sunglasses-dc,mens-accessories
mens-swimwear-dc,m-exercise-active-wear
mens-ties-dc,mens-accessories
mens-tops-dc,mens-tops
mens-umbrellas,mens-accessories
mens-underwear-dc,mens-underwear-socks
mens-watches-dc,mens-jewellery
ms-anti-ageing-cream,bh-bath
ms-body-wash,mens-grooming
ms-cleans-toners,mens-grooming
ms-hremoval-razors,bh-bath
ms-hremoval-waxing,bh-bath
ms-mens-kits,mens-grooming
ms-moist-blemish-control,mens-grooming
ms-moist-body-lotion,mens-grooming
ms-moist-eye-cream,mens-grooming
ms-shave,mens-grooming
ms-soaps-washes,bh-bath
mskin-cleansers,mens-grooming
mskin-masks,mens-grooming
mskin-moisturisers-creams,mens-grooming
mskin-scrubs-exfoliators,mens-grooming
nursery-blankets,k-babies
nursery-cradles,k-babies
nursery-lights,k-babies
nursery-linen,k-babies
nursery-mattresses,k-babies
nursery-mobiles,k-babies
nursery-monitors,k-babies
nursery-pillows,k-babies
nursery-tables,k-babies
nursery-wraps,k-babies
perfume-gift-sets,bh-perfume
s-long-term-electrolysis,bh-bath
s-long-term-epilatory,bh-bath
s-long-term-heat,bh-bath
s-long-term-laser,bh-bath
s-shaving-accessories,bh-bath
s-shaving-beard-trimmers,bh-bath
s-shaving-electric,bh-bath
s-shaving-hair-clippers,bh-bath
s-shaving-hair-clippers,bh-hair-care
shoe-accessories,shoes-footwear
shoes-footwear-dc,mens-shoes-footwear
shoes-footwear-dc,womens-shoes-footwear
t-beauty-eyes,bh-womens-makeup
t-beauty-hands,bh-bath
t-beauty-removal,bh-bath
treatment-massage,beauty-health
treatments-body,beauty-health
treatments-eyes-brows,bh-womens-makeup
treatments-facial,bh-womens-skin-care
treatments-hair-removal,bh-bath
treatments-hands-feet,bh-bath
treatments-spa,beauty-health
vitamins-antioxidants,bh-vitamins-supplements
vitamins-brain-health,bh-vitamins-supplements
vitamins-cholesterol,bh-vitamins-supplements
vitamins-cleansing-detox,bh-vitamins-supplements
vitamins-heart-circulation,bh-vitamins-supplements
vitamins-hydration,bh-vitamins-supplements
vitamins-pre-workout,bh-vitamins-supplements
vitamins-recovery,bh-vitamins-supplements
vitamins-weight-mgt,bh-vitamins-supplements
w-belts-casual,womens-accessories
w-belts-dress,womens-accessories
w-body-accessories,womens-accessories
w-body-bananabells,womens-accessories
w-body-barbells,womens-accessories
w-body-labret,womens-accessories
w-body-plugs,womens-accessories
w-body-retainers,womens-accessories
w-body-rings,womens-accessories
w-body-stretchers,womens-accessories
w-body-studs,womens-accessories
w-body-tunnels,womens-accessories
w-boots-flat,womens-shoes-footwear
w-boots-gumboots,womens-shoes-footwear
w-boots-heeled,womens-shoes-footwear
w-boots-kneehigh,womens-shoes-footwear
w-boots-sheepskin,womens-shoes-footwear
w-boots-short,womens-shoes-footwear
w-bottoms-boyleg,womens-sleepwear-intimates
w-bottoms-briefs,womens-sleepwear-intimates
w-bottoms-control,womens-sleepwear-intimates
w-bottoms-g-strings,womens-sleepwear-intimates
w-bracelets-anklets,womens-jewellery
w-bracelets-bangles,womens-jewellery
w-bracelets-bead,womens-jewellery
w-bracelets-charm-bracelet,womens-jewellery
w-bracelets-diamond,womens-jewellery
w-bracelets-fabric-leather,womens-jewellery
w-bracelets-gold,womens-jewellery
w-bracelets-link,womens-jewellery
w-bracelets-silver,womens-jewellery
w-bracelets-two-toned,womens-jewellery
w-bracelets-with-stones,womens-jewellery
w-bras-bandeau,womens-sleepwear-intimates
w-bras-contour,womens-sleepwear-intimates
w-bras-full-coverage,womens-sleepwear-intimates
w-bras-minimizers,womens-sleepwear-intimates
w-bras-push-up,womens-sleepwear-intimates
w-bras-sleep,womens-sleepwear-intimates
w-bras-soft-cup,womens-sleepwear-intimates
w-bras-sports,womens-sleepwear-intimates
w-bras-strapless,womens-sleepwear-intimates
w-bras-tshirt,womens-sleepwear-intimates
w-charms-carriers,womens-jewellery
w-charms-enamel,womens-jewellery
w-charms-gold,womens-jewellery
w-charms-sterling-silver,womens-jewellery
w-charms-stones,womens-jewellery
w-coats-jackets-active-perform,womens-coats-jackets
w-coats-jackets-rain-weather,womens-coats-jackets
w-coats-jackets-reversibles,womens-coats-jackets
w-coats-jackets-vests,womens-coats-jackets
w-dresses-knee-length,womens-dresses
w-dresses-mini-dresses,womens-dresses
w-earrings-clip-ons,womens-jewellery
w-earrings-diamond,womens-jewellery
w-earrings-drop,womens-jewellery
w-earrings-emerald,womens-jewellery
w-earrings-hoops,womens-jewellery
w-earrings-pearl,womens-jewellery
w-earrings-ruby,womens-jewellery
w-earrings-sapphire,womens-jewellery
w-earrings-studs,womens-jewellery
w-exercise-maternity,womens-maternity
w-exercise-skirts,womens-exercise-active-wear
w-fashion-jewel-marcasite-jewel,womens-accessories
w-fashion-jewellery-anklets,womens-accessories
w-fashion-jewellery-arm-bands,womens-accessories
w-fashion-jewellery-brace-bangle,womens-accessories
w-fashion-jewellery-brooches,womens-accessories
w-fashion-jewellery-chokers,womens-accessories
w-fashion-jewellery-dress-rings,womens-accessories
w-fashion-jewellery-earrings,womens-accessories
w-fashion-jewellery-rings,womens-accessories
w-fashion-jewellery-toe-rings,womens-accessories
w-fj-necklaces-pendants,womens-accessories
w-flats-ballet,womens-shoes-footwear
w-flats-loafers,womens-shoes-footwear
w-flats-sandals,womens-shoes-footwear
w-flats-slippers,womens-shoes-footwear
w-flats-thongs,womens-shoes-footwear
w-gloves-formal,womens-accessories
w-gloves-gloves,womens-accessories
w-gloves-mittens,womens-accessories
w-hair-access-bobby-pins,womens-accessories
w-hair-access-brushes,womens-accessories
w-hair-access-clasps,womens-accessories
w-hair-access-clips,womens-accessories
w-hair-access-combs,womens-accessories
w-hair-access-elastics,womens-accessories
w-hair-access-hair-fascinator,womens-accessories
w-hair-access-head-bands,womens-accessories
w-hair-access-styling-tools,womens-accessories
w-hats-beach,womens-accessories
w-hats-beanies,womens-accessories
w-hats-beret,womens-accessories
w-hats-caps,womens-accessories
w-hats-fascinator,womens-accessories
w-hats-formal,womens-accessories
w-hats-hats,womens-accessories
w-hats-head-scarves,womens-accessories
w-hats-visors,womens-accessories
w-heels-peep,womens-shoes-footwear
w-heels-platform,womens-shoes-footwear
w-heels-pumps,womens-shoes-footwear
w-heels-sandals,womens-shoes-footwear
w-heels-wedge,womens-shoes-footwear
w-hosiery-knee-high,womens-sleepwear-intimates
w-hosiery-medical,womens-sleepwear-intimates
w-hosiery-sheers,womens-sleepwear-intimates
w-hosiery-socks-footletts,womens-sleepwear-intimates
w-hosiery-stay-ups,womens-sleepwear-intimates
w-hosiery-stockings,womens-sleepwear-intimates
w-hosiery-tights,womens-sleepwear-intimates
w-jeans-boot-cut,womens-pants
w-jeans-boyfriend,womens-pants
w-jeans-cropped,womens-pants
w-jeans-flare,womens-pants
w-jeans-maternity,womens-maternity
w-jeans-skinny,womens-pants
w-jeans-straight,womens-pants
w-jeans-trouser,womens-pants
w-jeans-wide-leg,womens-pants
w-knitwear-cardi-coats,womens-tops
w-knitwear-cardigans,womens-tops
w-knitwear-dress,womens-tops
w-knitwear-hoodies,womens-tops
w-knitwear-long-knits,womens-tops
w-knitwear-maternity,womens-maternity
w-knitwear-poncho,womens-tops
w-knitwear-round-neck,womens-tops
w-knitwear-turtle-neck,womens-tops
w-knitwear-v-neck,womens-tops
w-knitwear-vests,womens-tops
w-lingerie-accessories,womens-sleepwear-intimates
w-lingerie-bodysuits,womens-sleepwear-intimates
w-lingerie-bridal,womens-sleepwear-intimates
w-lingerie-camisoles,womens-sleepwear-intimates
w-lingerie-corsettes,womens-sleepwear-intimates
w-lingerie-garters-suspenders,womens-sleepwear-intimates
w-lingerie-teddies-slips,womens-sleepwear-intimates
w-maternity-blouses-shirts,womens-maternity
w-maternity-nursing-tops,womens-maternity
w-maternity-shapewear,womens-maternity
w-necklaces-chains,womens-jewellery
w-necklaces-gold,womens-jewellery
w-necklaces-name-necklace,womens-jewellery
w-necklaces-pearl,womens-jewellery
w-necklaces-pendants,womens-jewellery
w-necklaces-silver,womens-jewellery
w-pants-cargo,womens-pants
w-pants-cropped,womens-pants
w-pants-harem,womens-pants
w-pants-high-waist,womens-pants
w-pants-maternity,womens-maternity
w-pants-ruched,womens-pants
w-pants-skinny,womens-pants
w-pants-wide-leg,womens-pants
w-rings-diamond,womens-jewellery
w-rings-dress,womens-jewellery
w-rings-emerald,womens-jewellery
w-rings-gold,womens-jewellery
w-rings-pearl,womens-jewellery
w-rings-ruby,womens-jewellery
w-rings-sapphire,womens-jewellery
w-rings-silver,womens-jewellery
w-scarves-pashminas,womens-accessories
w-scarves-shawls-wraps,womens-accessories
w-scraves-scarves,womens-accessories
w-shapewear-bodysuit,womens-sleepwear-intimates
w-shapewear-bras,womens-sleepwear-intimates
w-shapewear-briefs-bottoms,womens-sleepwear-intimates
w-shapewear-slips,womens-sleepwear-intimates
w-shapewear-strapless,womens-sleepwear-intimates
w-shapewear-thigh,womens-sleepwear-intimates
w-shapewear-tops-bras,womens-sleepwear-intimates
w-shapewear-tummy,womens-sleepwear-intimates
w-shapewear-waist,womens-sleepwear-intimates
w-shorts-cargo,womens-pants
w-shorts-denim,womens-pants
w-shorts-dress,womens-pants
w-shorts-maternity,womens-maternity
w-shorts-playsuit,womens-pants
w-shorts-walking,womens-pants
w-skirts-full,womens-skirts
w-skirts-layered,womens-skirts
w-skirts-pleated,womens-skirts
w-skirts-tulip,womens-skirts
w-skirts-wrap,womens-skirts
w-sleep-bed-socks,womens-sleepwear-intimates
w-sleep-maternity,womens-maternity
w-sleep-pj-pants,womens-sleepwear-intimates
w-sleep-pj-shorts,womens-sleepwear-intimates
w-sleep-pj-tops,womens-sleepwear-intimates
w-sleep-slippers,womens-sleepwear-intimates
w-sneakers-casual,womens-shoes-footwear
w-sneakers-cross-training,womens-shoes-footwear
w-sneakers-sport,womens-shoes-footwear
w-suiting-dresses,womens-suiting
w-suiting-maternity,womens-maternity
w-suiting-shorts,womens-suiting
w-suiting-vests,womens-suiting
w-sunglasses-aviator,womens-accessories
w-sunglasses-cat-eye,womens-accessories
w-sunglasses-optical,womens-accessories
w-sunglasses-oversized,womens-accessories
w-sunglasses-rectangle-frames,womens-accessories
w-sunglasses-rimless,womens-accessories
w-sunglasses-round-frames,womens-accessories
w-swim-beach-pants,womens-swimwear
w-swim-beach-towels,womens-swimwear
w-swim-bikini-dc,womens-swimwear
w-swim-kaftan-dc,womens-swimwear
w-swim-maternity,womens-maternity
w-swim-one-piece-dc,womens-swimwear
w-swim-sarong,womens-swimwear
w-swim-tankini,womens-swimwear
w-tops-bodysuits,womens-tops
w-tops-camis,womens-tops
w-tops-strapless-tops,womens-tops
w-tops-tunics,womens-tops
w-tops-vests,womens-tops
w-watches-dress-watches,womens-jewellery
w-watches-fashion-watches,womens-jewellery
w-watches-sport-watches,womens-jewellery
wm-brushes-body,bh-womens-makeup
wm-brushes-brow,bh-womens-makeup
wm-brushes-brush-sets,bh-womens-makeup
wm-brushes-cheek,bh-womens-makeup
wm-brushes-eye,bh-womens-makeup
wm-brushes-face,bh-womens-makeup
wm-brushes-lip,bh-womens-makeup
wm-eyes-brow-enhancers,bh-womens-makeup
wm-eyes-eyeliners,bh-womens-makeup
wm-eyes-eyeshadows,bh-womens-makeup
wm-eyes-lashes-enhancers,bh-womens-makeup
wm-eyes-mascaras,bh-womens-makeup
wm-face-blush,bh-womens-makeup
wm-face-blush-tinted-moist,bh-womens-makeup
wm-face-bronzer,bh-womens-makeup
wm-face-concealer,bh-womens-makeup
wm-face-foundation,bh-womens-makeup
wm-face-powder,bh-womens-makeup
wm-face-primer,bh-womens-makeup
wm-face-tinted-moist,bh-womens-makeup
wm-lips-lip-gloss,bh-womens-makeup
wm-lips-lip-liner,bh-womens-makeup
wm-lips-lip-plumper,bh-womens-makeup
wm-lips-lip-primer,bh-womens-makeup
wm-lips-lip-stick,bh-womens-makeup
womens-accessories-dc,womens-accessories
womens-bags-dc,bags-luggage
womens-belts-dc,womens-accessories
womens-boots-dc,womens-shoes-footwear
womens-bottoms-dc,womens-sleepwear-intimates
womens-bracelets-dc,womens-jewellery
womens-bras-dc,womens-sleepwear-intimates
womens-brooches,womens-jewellery
womens-coats-jackets-dc,womens-coats-jackets
womens-cufflinks,womens-accessories
womens-dresses-dc,womens-dresses
womens-earrings-dc,womens-jewellery
womens-fashion-jewellery-dc,womens-accessories
womens-fashion-jewellery-dc,womens-jewellery
womens-flats-dc,womens-shoes-footwear
womens-gloves-dc,womens-accessories
womens-hair-accessories-dc,womens-accessories
womens-handbags-dc,bags-luggage
womens-hats-headwear-dc,womens-accessories
womens-heels-dc,womens-shoes-footwear
womens-hosiery-dc,womens-sleepwear-intimates
womens-jeans-dc,womens-pants
womens-knitwear-dc,womens-tops
womens-lingerie-dc,womens-sleepwear-intimates
womens-necklaces-pendants-dc,womens-jewellery
womens-pants-dc,womens-pants
womens-plus-jeans,womens-plus-size
womens-plus-jumpers,womens-plus-size
womens-plus-lingerie-underwear,womens-plus-size
womens-plus-pants,womens-plus-size
womens-plus-shorts,womens-plus-size
womens-plus-sleepwear,womens-plus-size
womens-plus-swimwear,womens-plus-size
womens-purses-dc,bags-luggage
womens-rings-dc,womens-jewellery
womens-scarves-wraps-dc,womens-accessories
womens-shapewear-dc,womens-sleepwear-intimates
womens-shorts-dc,womens-pants
womens-skirts-dc,womens-skirts
womens-sunglasses-dc,womens-accessories
womens-swimwear-dc,womens-swimwear
womens-tops-dc,womens-tops
womens-umbrellas,womens-accessories
womens-underwear-dc,womens-sleepwear-intimates
womens-watches-dc,womens-jewellery
wp-dresses-casual,womens-plus-size
wp-dresses-cocktail,womens-plus-size
wp-dresses-formal,womens-plus-size
wp-dresses-knee-length,womens-plus-size
wp-dresses-maxi,womens-plus-size
wp-skirts-full,womens-plus-size
wp-skirts-knee-length,womens-plus-size
wp-skirts-long,womens-plus-size
wp-skirts-pencil,womens-plus-size
wp-tops-blouses,womens-plus-size
wp-tops-shirts,womens-plus-size
wp-tops-singlets,womens-plus-size
wp-tops-t-shirts,womens-plus-size
wp-tops-tunics-ponchos,womens-plus-size
wp-tops-vests,womens-plus-size
ws-bath-bath-oils,bh-bath
ws-bath-body-oil-wash,bh-bath
ws-bath-body-wash,bh-bath
ws-bath-bubble-bath,bh-bath
ws-bath-milk-bar,bh-bath
ws-bath-salts-bombs,bh-bath
ws-bath-soap-bars,bh-bath
ws-bath-soap-free-wash,bh-bath
ws-cleansers-face-wipes,bh-bath
ws-cleansers-facial-cleaners,bh-bath
ws-cleansers-remover,bh-bath
ws-cleansers-toners,bh-bath
ws-hremoval-shavers,bh-bath
ws-masks-anti-ageing,bh-bath
ws-masks-eye,bh-bath
ws-masks-face,bh-bath
ws-masks-firming,bh-bath
ws-masks-hydrating,bh-bath
ws-masks-intense-recover,bh-bath
ws-masks-mud,bh-bath
ws-moist-acne-cream,bh-bath
ws-moist-anti-ageing,bh-bath
ws-moist-body,bh-bath
ws-moist-day-cream,bh-bath
ws-moist-eye-cream,bh-bath
ws-moist-face,bh-bath
ws-moist-lip,bh-bath
ws-moist-lip,bh-womens-makeup
ws-moist-lip,mens-grooming
ws-moist-night-cream,bh-bath
ws-scrubs-body,bh-bath
ws-scrubs-face,bh-bath
ws-suncare-after-sun,bh-bath
ws-suncare-body,bh-bath
ws-suncare-face,bh-bath
ws-suncare-kids-babies,bh-bath
ws-suncare-lip-balm,bh-bath
ws-suncare-tanning-oil,bh-bath
ws-suncare-zinc,bh-bath
ws-tanning-accessories,bh-bath
ws-tanning-body-spray,bh-bath
ws-tanning-foam-mousse,bh-bath
ws-tanning-gloves,bh-bath
ws-tanning-lotion,bh-bath
ws-tanning-optimiser,bh-bath
ws-tanning-tan-remover,bh-bath
